Vendor,Broquet,Category,Location,Website,Company Description,BroquetName,Picture URL,site URL
33 Books,Hot Sauce Tasting Set,Food,Portland OR,33books.com,Tasting Notebooks,Bacon Six Ways,http://cdn.shopify.com/s/files/1/0136/2242/products/Bacon1_large.jpg?v=1373654090,http://www.broquet.co/products/thesmokehouse
Aeropress,Coffee,Food,Waterville ME,aeropress.com,Coffee,BBQ Ribs Grill Set,http://cdn.shopify.com/s/files/1/0136/2242/products/AppleWood1_large.jpg?v=1374689970,http://www.broquet.co/products/the-apple-wood
Bacon Hot Sauce,Bacon Six Ways,Food,San Francisco CA,baconhotsauce.com,Hot Sauce (with bacon),Beard Maintenance Kit,http://cdn.shopify.com/s/files/1/0136/2242/products/BeardsmanMain_large.jpg?v=1399612060,http://www.broquet.co/products/beard-maintenance-kit
Beardbrand,Beard Maintenance Kit,Groom,Spokane  WA,beardbrand.com,Beard Care,California Tri Tip Grill Set,http://cdn.shopify.com/s/files/1/0136/2242/products/SantaMaria1_large.jpg?v=1374690047,http://www.broquet.co/products/the-santa-maria
Bearded Brothers,Coffee,Food,Waterville ME,google.com,Coffee,Coffee,http://cdn.shopify.com/s/files/1/0136/2242/products/CoffeeTasting1_25531552-f79d-4507-86e6-9f383f79337c_large.jpg?v=1407893320,http://www.broquet.co/products/coffee-tasting-kit
Blowfish,Hangover First Aid Kit,Drink,New York NY,forhangovers.com,Hangover Tablet,Dopp Kit,http://cdn.shopify.com/s/files/1/0136/2242/products/GeneralIssueNew_large.jpg?v=1392499725,http://www.broquet.co/products/dopp-kit
California Rancher,California Tri Tip Grill Set,Food,El Segundo CA,california-rancher.com,Grilling Supplies,Essential Grill Set,http://cdn.shopify.com/s/files/1/0136/2242/products/MediumRare1_large.jpg?v=1374690019,http://www.broquet.co/products/the-medium-rare
Chiefs,Dopp Kit,Groom,Waterville ME,chiefsformen.com,Face Care Products,Hangover First Aid Kit,http://cdn.shopify.com/s/files/1/0136/2242/products/Hangover1_large.jpg?v=1373653616,http://www.broquet.co/products/the-all-nighter
Clancy's Fancy,Hot Sauce Tasting Set,Food,Ann Arbor MI,clancysfancy.com,Hot Sauce,Hot Sauce Tasting Set,http://cdn.shopify.com/s/files/1/0136/2242/products/HotSauceNew_large.jpg?v=1392499868,http://www.broquet.co/products/the-fire-breather
Doublekick,Hot Sauce Tasting Set,Food,Los Angeles  CA,doublekicksauce.com,Chili Sauce,Moscow Mule Cocktail Set,http://cdn.shopify.com/s/files/1/0136/2242/products/MuleMainShot2_large.jpg?v=1404092167,http://www.broquet.co/products/moscow-mule-cocktail-set
Drinkwel,Hangover First Aid Kit,Drink,Irvine CA,drinkwel.com,Drinking Multi-vitamins,Mounted Bottle Opener,http://cdn.shopify.com/s/files/1/0136/2242/products/MeriweatherBottleOpener_large.jpg?v=1396327705,http://www.broquet.co/products/meriwether-mounted-bottle-opener
Duke Cannon,Dopp Kit,Groom,Waterville ME,dukecannon.com,Soap for Men,Moustache Maintenance Kit,http://cdn.shopify.com/s/files/1/0136/2242/products/RoughRiderNew_large.jpg?v=1380923612,http://www.broquet.co/products/theroughrider
EBoost,Hangover First Aid Kit,Drink,New York NY,eboost.com,Natural Energy Supplement,Old Fashioned Cocktail Set,http://cdn.shopify.com/s/files/1/0136/2242/products/OldFashioned_large.jpg?v=1392967521,http://www.broquet.co/products/the-gentleman-and-scholar
Fox Run,Whiskey Sour Cocktail Set,Drink,Ivyland PA,foxrunbrands.com,Cocktail Shakers,Pickleback,http://cdn.shopify.com/s/files/1/0136/2242/products/Pickleback2_large.jpg?v=1381770996,http://www.broquet.co/products/the-pickleback
,Moscow Mule Cocktail Set,Drink,,,,Safety Razor Shaving Kit,http://cdn.shopify.com/s/files/1/0136/2242/products/ImperialSafety1_large.jpg?v=1381509963,http://www.broquet.co/products/the-colonial
,Old Fashioned Cocktail Set,Drink,,,,Straight Razor Shaving Kit,http://cdn.shopify.com/s/files/1/0136/2242/products/ImperialStraight1_large.jpg?v=1381510009,http://www.broquet.co/products/the-frontiersman
,BBQ Ribs Grill Set,Food,,,,Tenkara Fly Rod Set,http://cdn.shopify.com/s/files/1/0136/2242/products/TenkaraFlyRod_large.jpg?v=1394131560,http://www.broquet.co/products/tenkara-fly-rod
,California Tri Tip Grill Set,Food,,,,Whiskey Sour Cocktail Set,http://cdn.shopify.com/s/files/1/0136/2242/products/WhiskeySourMainShot2_large.jpg?v=1404098909,http://www.broquet.co/products/whiskey-sour-cocktail-set
,Essential Grill Set,Food,,,,Wood Six Pack Carrier,http://cdn.shopify.com/s/files/1/0136/2242/products/WoodSixPack_large.jpg?v=1411019660,http://www.broquet.co/products/meriwether-six-pack-carrier
,General,General,,,,Wood Wine Bottle Carrier,http://cdn.shopify.com/s/files/1/0136/2242/products/MeriweatherWineCarrier_large.jpg?v=1396321699,http://www.broquet.co/products/meriwether-wine-bottle-carrier
Granolove,Coffee,Food,Waterville ME,google.com,Coffee,,,
Hank Sauce,Hot Sauce Tasting Set,Food,Sea Isle City NJ,hanksauce.com,Hot Sauce,,,
Hella Bitter,Old Fashioned Cocktail Set,Drink,Brooklyn  NY,hellabitters.com,Bitters,,,
Imperial Barber Products,Straight Razor Shaving Kit,Groom,Los Angeles  CA,imperialbarberproducts.com,Shaving Lotion and Cream,,,
,Safety Razor Shaving Kit,Groom,,,,,,
J&D's,Bacon Six Ways,Food,Seattle  WA,jdfoods.net,Bacon Products,,,
Just Coffee,Coffee,Food,Waterville ME,google.com,Coffee,,,
Larry's Bag of Smoke,California Tri Tip Grill Set,Food,Katy TX,google.com,BBQ Wood Chips,,,
Libbey Vibe,Old Fashioned Cocktail Set,Drink,Toledo  OH,retail.libbey.com,Glassware,,,
Lucky's Hot Sauce,Hot Sauce Tasting Set,Food,Mankato MN,luckyspopcorndressing.com,Hot Sauce,,,
Man's Face Stuff,Moustache Maintenance Kit,Groom,Portland OR,mansfacestuff.com,Stuff for the Face,,,
McClure's,Pickleback,Drink,Detroit MI,mcclurespickles.com,Spicy Pickles,,,
Mercy,Hangover First Aid Kit,Drink,New York NY,drinkmercy.com,Hangover Prevention Drink,,,
Meriwether,Mounted Bottle Opener,Drink,Whitefish MT,mwmade.com,Crafted Wood Products,,,
,Wood Six Pack Carrier,Drink,,,,,,
,Wood Wine Bottle Carrier,Drink,,,,,,
Morris Kitchen,Whiskey Sour Cocktail Set,Drink,New York NY,morriskitchen.com,Ginger Syrup,,,
Morris Kitchen,Moscow Mule Cocktail Set,Drink,,,,,,
Niche,Hangover First Aid Kit,Drink,Palm Beach Gardens FL,nicheformen.com,Deodorizing Wipes,,,
Parker Razors,Straight Razor Shaving Kit,Groom,Yorktown Heights NY,parkershaving.com,Razors,,,
,Safety Razor Shaving Kit,Groom,,,,,,
Rothco,Dopp Kit,Groom,Waterville ME,rothco.com,Military Bags,,,
Rufus Teague,BBQ Ribs Grill Set,Food,Shawnee  KS,rufusteague.com,BBQ Sauce,,,
Sir Francis Bacon,Bacon Six Ways,Food,Atlanta GA,baconpeanutbrittle.com,Bacon Confectionary,,,
Solid Copper Mugs,Moscow Mule Cocktail Set,Drink,Boston  MA,gomoscowmule.com,Copper Drinking Assistance,,,
Tenkara Rod Co.,Tenkara Fly Rod Set,Out,Driggs ID,tenkararodco.com,Fishing Gear,,,
The Salt Lick,Essential Grill Set,Food,Austin TX,google.com,Grilling Supplies,,,
Tin Mustard,BBQ Ribs Grill Set,Food,New York NY,tinmustard.com,Gourmet Mustard,,,
Tovolo,Old Fashioned Cocktail Set,Drink,Seattle  WA,tovolo.com,Ice Molds,,,
Trail's Best,Bacon Six Ways,Food,Memphis TN,trailsbest.com,Bacon Jerky,,,
Tweezerman,Moustache Maintenance Kit,Groom,Port Washington NY,tweezerman.com,Grooming Supplies,,,
Vosges,Bacon Six Ways,Food,Beverly Hills CA,vosgeschocolate.com,Chocolate with Bacon,,,
Waterfront Ale House,Hot Sauce Tasting Set,Food,New York NY,waterfrontalehouse.com,Hot Sauce,,,
